"Cruise";"Stations"
"BAP - Apr 2011";"BAP1"
"BAP - Aug 2010";"Acik (Sta_1),Enstitü Önü (Sta_3b)"
"BAP - Aug 2011";"BAP 1 (Sta_3b),BAP 2 (Sta_1)"
"BAP - Jun 2010";"Enstitü kiyi"
"BAP - Jun 2011";"BAP1 cast2 (Sta_3b)"
"BAP - May 2011";"BAP1 (Sta_3b),BAP2 (Sta_1),erdemli desarj 1,erdemli desarj 2,erdemliDesarj-Sta_3a"
"BAP - Sep 2010";"BAP1 (Sta_3b)"
"Cruise 1988-01";"24"
"Cruise 1991-04";"G33R19"
"Cruise 1994-02";"G15R30"
"Cruise 1997-03";"G34R22"
"Cruise 2006-01";"1 (Sta_3),1. STA (Sta_3),2 (Sta_2),3 (Sta_1),3. STA (Sta_1),3. STA cast2(Sta_2?),4"
"Cruise 2007-01";"1(Sta_3),2(Sta_2),3 (Sta_1),4,BAP (ACIK) (Sta_1),BAP (KIYI) (Sta_3)"
"Cruise 2007-02";"1 (Sta_3),2 (Sta_2),3 (Sta_1),4"
"Cruise 2007-03";"1 (Sta_3),15,16,2 (Sta_2),3 (Sta_1),4"
"DIPTAR August 2015";"DBE8,ERDSWR,MERSIN BATI REF"
"DIPTAR February 2016";"dbe8,DBE9,ERD7,ERDSWR,MERSIN-BATI-REF"
"DIPTAR Sep-Oct-2014";"dbe-7,ERD5,ERDSWR,mersin bati ref"
"Erdemli-IMS-July-2014";"DBE-1,DBE-3,DBE-4,DBE-6,ER-1,ER-3,ETS_050"
"Erdemli Time Series";"Sta_1,Sta_2,Sta_3"
"ETS_2014_01_31";"ETS_020,ETS_050,ETS_075,ETS_100,ETS_125,ETS_150,ETS_175,ETS_200"
"ETS_2014_02_27";"ETS_020,ETS_050,ETS_075,ETS_100,ETS_125,ETS_150,ETS_175,ETS_200"
"ETS_2014_03_14";"ETS_020,ETS_050,ETS_075,ETS_100,ETS_125,ETS_150,ETS_175,ETS_200"
"ETS_2014_04_04";"ETS_020,ETS_050,ETS_075,ETS_100,ETS_125,ETS_150,ETS_175,ETS_200"
"ETS_2014_05_08";"ETS_020,ETS_050,ETS_075,ETS_100,ETS_125,ETS_150,ETS_175,ETS_200"
"ETS_2014_06_04";"ETS_020,ETS_050,ETS_075,ETS_100,ETS_125,ETS_150,ETS_175,ETS_200"
"ETS_2014_07_04";"ETS_020,ETS_050,ETS_075,ETS_100,ETS_125,ETS_150,ETS_175,ETS_200"
"ETS_2014_08_05";"ETS_020,ETS_050,ETS_075,ETS_100,ETS_125,ETS_150,ETS_175,ETS_200"
"ETS_2014_09_15";"ETS_020,ETS_050,ETS_075,ETS_100,ETS_125,ETS_150,ETS_175,ETS_200"
"ETS_2015_01_16";"ETS_020,ETS_050,ETS_075,ETS_100,ETS_125,ETS_150,ETS_175,ETS_200"
"ETS_2015_02_18";"ETS_020,ETS_050,ETS_075,ETS_100,ETS_125,ETS_150,ETS_175,ETS_200"
"ETS_2015_03_13";"ETS_020,ETS_050,ETS_075,ETS_100,ETS_125,ETS_150,ETS_175,ETS_200"
"ETS_2015_04_07";"ETS_020,ETS_050,ETS_075,ETS_100,ETS_125,ETS_150,ETS_175,ETS_200"
"ETS_2015_05_06";"ETS_020,ETS_050,ETS_075,ETS_100,ETS_125,ETS_150,ETS_175,ETS_200"
"ETS_2015_06_09";"ETS_020,ETS_050,ETS_075,ETS_100,ETS_125,ETS_150,ETS_175,ETS_200"
"ETS_2015_07_02";"ETS_020,ETS_050,ETS_075,ETS_100,ETS_125,ETS_150,ETS_175,ETS_200,ETS_500"
"ETS_2015_08_13";"DBE-8,ETS_020,ETS_050,ETS_075,ETS_100,ETS_125,ETS_150,ETS_175,ETS_200,ETS_500"
"ETS_2015_09_15";"ETS_020,ETS_050,ETS_075,ETS_100,ETS_125,ETS_150,ETS_175,ETS_200,ETS_500"
"ETS_2016_01_06";"ETS_020,ETS_050,ETS_075,ETS_100,ETS_125,ETS_150,ETS_175,ETS_200,ETS_500"
"ETS_2016_02_10";"ETS_020,ETS_050,ETS_075,ETS_100,ETS_125,ETS_200,ETS_500"
"ETS_2016_03_07";"ETS_020,ETS_050,ETS_075,ETS_100,ETS_125,ETS_150,ETS_175,ETS_200,ETS_500"
"ETS_2016_04_15";"ETS_020,ETS_050,ETS_075,ETS_100,ETS_125,ETS_150,ETS_175,ETS_200,ETS_500"
"ETS_2016_05_11";"ETS_020,ETS_050,ETS_075,ETS_100,ETS_125,ETS_150,ETS_175,ETS_200,ETS_500"
"ETS_2016_06_24";"ETS_020,ETS_050,ETS_075,ETS_100,ETS_125,ETS_150,ETS_175,ETS_200"
"ETS_2016_07_18";"ETS_020,ETS_050,ETS_075,ETS_100,ETS_125,ETS_150,ETS_175,ETS_200,ETS_500"
"ETS_2016_08_15";"ETS_020,ETS_020_1,ETS_050,ETS_075,ETS_100,ETS_200,ETS_200_5,ETS_500"
"ETS_2016_09_08";"ETS_020,ETS_050,ETS_100,ETS_125,ETS_150,ETS_175,ETS_200,ETS_500"
"ETS_2017_01_30";"ETS_020,ETS_050,ETS_075,ETS_100,ETS_125,ETS_150,ETS_175,ETS_200,ETS_500"
"ETS_2017_02_20";"ETS_020,ETS_050,ETS_075,ETS_100,ETS_125,ETS_150,ETS_175,ETS_200,ETS_500"
"ETS_2017_03_27";"ETS_020,ETS_050,ETS_075,ETS_100,ETS_125,ETS_150,ETS_175,ETS_200,ETS_500"
"ETS_2017_04_17";"ETS_020,ETS_050,ETS_075,ETS_100,ETS_125,ETS_150,ETS_175,ETS_200"
"ETS_2017_05_25";"ETS_020,ETS_050,ETS_075,ETS_100,ETS_125,ETS_150,ETS_175,ETS_200"
"ETS_2017_06_29";"ETS_100,ETS_125,ETS_150,ETS_175,ETS_200"
"ETS_2017_07_21";"ETS_020,ETS_050,ETS_075,ETS_100,ETS_125,ETS_150,ETS_175,ETS_200,ETS_500"
"ETS_2017_08_14";"ETS_020,ETS_050,ETS_075/DBE-8,ETS_100,ETS_125,ETS_150,ETS_175,ETS_200,ETS_200/MERSIN-BATI-REF"
"ETS_2017_09_13";"ETS_020,ETS_050,ETS_075,ETS_100,ETS_125,ETS_150,ETS_175,ETS_200,ETS_500"
"ETS_2018_01_15";"ETS_020,ETS_050,ETS_075,ETS_100,ETS_125,ETS_150,ETS_175,ETS_200,ETS_500"
"ETS_2018_02_14";"ETS_020,ETS_050,ETS_075,ETS_100,ETS_125,ETS_150,ETS_175,ETS_200,ETS_500"
"ETS_2018_03_12";"ETS_020,ETS_050,ETS_075,ETS_100,ETS_125,ETS_150,ETS_175,ETS_200,ETS_500"
"ETS_2018_05_16";"ETS_020,ETS_050,ETS_075,ETS_100,ETS_125,ETS_150,ETS_175,ETS_200,ETS_500"
"ETS_2018_09_10";"ETS_020,ETS_050,ETS_075,ETS_100,ETS_125,ETS_150,ETS_175,ETS_200,ETS_500"
"ETS_2019_04_03";"ETS_020,ETS_050,ETS_075,ETS_100,ETS_125,ETS_150,ETS_175,ETS_200,ETS_500"
"ETS_2019_05_15";"ETS_020,ETS_050,ETS_075,ETS_100,ETS_125,ETS_150,ETS_175,ETS_200"
"ETS_2019_06_28";"ETS-020,ETS-050,ETS-075,ETS-100,ETS-125,ETS-150,ETS-175,ETS-200,ETS-500"
"MEDPOL-DIPTAR March 2015";"DBE8,ERDSWR,MERSIN BATI REF-(2.)"
"Mersin bay - Rhodes, Jul 2012";"44,BKF1,BKF2,BKF3,BKF4,BKF5,BKF6,BKF7"
"MIP April 2015";"Erdemli"
"Monitoring, Aug 2016";"DBE-8,ERD-7,ERDSWR,MERSIN-BATI-REF"
"Monitoring, Aug 2017";"ERDSWR"
"Monitoring, Aug 2018";"DBE-8 / ETS_075,ERDSWR,ETS_020,ETS_050,ETS_100,ETS_125,ETS_150,ETS_175,ETS_500,MERSIN-BATI-REF / ETS_200"
"Monitoring, Feb 2018";"DBE-8,ERDSWR,MERSIN-BATI-REF"
"Monitoring, Feb 2019";"ERDSWR,ETS_200 (MERSIN-BATI-REF),ETS_75 (DBE-8)"
"Project 116Y125, Apr 2018";"01-ETS_020,02-ETS_050,03-ETS_075,04-ETS_100,05-ETS_125,06-ETS_150,07-ETS_175,08-ETS_200,09-ETS_500"
"Project 116Y125, Feb 2018";"01-ETS_020,02-ETS_050,03-ETS_075,04-ETS_100,05-ETS_125,06-ETS_150,07-ETS_175,08-ETS_200,09-(ETS_500),10"
"Project 116Y125, Jun-Jul 2018";"01-ETS_020,02-ETS_050,03-ETS_075,04-ETS_100,05-ETS_125,06-ETS_150,07-ETS_175,08-ETS_200,08-ETS_200-2"
"TARAL-PRODUCTION - Jul 2010";"BAP1 (Sta_3a)"
"TARAL - Aug 2009";"G31R21(T46A)"
"UNLUATA Cruises: Cilician Basin";"G01R23,G18R18"
"UNLUATA Cruises: Erdemli";"WP382-3,WP382_2"
